{"id":"41abb8cf-e189-4445-9bfb-850d4cb6b772","client":"feedly","email":"josh@joshlawrence.me","created":1386452577595,"logins":[{"id":"josh@joshlawrence.me","verified":true,"picture":"https://lh3.googleusercontent.com/a-/AAuE7mDET2QAByuzSvG8ynxgpuxl1KpwoHQpe8Hogw7s","provider":"Google","providerId":"118013956562822344013","fullName":"Josh Lawrence"}],"wave":"2013.49","product":"FeedlyProYearly","picture":"https://lh3.googleusercontent.com/a-/AAuE7mDET2QAByuzSvG8ynxgpuxl1KpwoHQpe8Hogw7s=s256","familyName":"Lawrence","google":"118013956562822344013","evernoteStoreUrl":"https://www.evernote.com/shard/s109/notestore","evernoteWebApiPrefix":"https://www.evernote.com/shard/s109/","evernotePartialOAuth":true,"givenName":"Josh","evernoteUserId":"12454626","subscriptionPaymentProvider":"Paypal","productExpiration":1609329531000,"subscriptionRenewalDate":1608724731000,"subscriptionStatus":"Active","upgradeDate":1386453082560,"lastPaymentDate":1577102331606,"dropboxConnected":false,"archiveStatus":"pending","twitterConnected":false,"customGivenName":"Josh","customFamilyName":"Lawrence","customEmail":"josh@joshlawrence.me","facebookConnected":false,"productRenewalAmount":4500,"evernoteConnected":true,"pocketConnected":false,"wordPressConnected":false,"windowsLiveConnected":false,"instapaperConnected":false,"locale":"en","fullName":"Josh Lawrence"}